{
  "x": {
    "min": 0,
    "max": 500,
    "name": "x",
    "value": 484.9119567871094
  },
  "width": {
    "min": 0,
    "max": 200,
    "name": "width",
    "value": 179.50567626953125
  },
  "y": {
    "min": 0,
    "max": 500,
    "name": "y",
    "value": 407.8930969238281
  },
  "height": {
    "min": 0,
    "max": 200,
    "name": "height",
    "value": 172.9465789794922
  }
}