{"quad": {
  "name": "quad",
  "value": {
    "x": {
      "min": 0,
      "max": 500,
      "name": "x",
      "value": 30.99730682373047
    },
    "width": {
      "min": 0,
      "max": 200,
      "name": "width",
      "value": 43.116485595703125
    },
    "y": {
      "min": 0,
      "max": 500,
      "name": "y",
      "value": 137.26531982421875
    },
    "height": {
      "min": 0,
      "max": 200,
      "name": "height",
      "value": 199.63824462890625
    }
  }
}}