{
  "0": {
    "name": "0",
    "value": {
      "x": {
        "min": 0,
        "max": 500,
        "name": "x",
        "value": 440.1014709472656
      },
      "width": {
        "min": 0,
        "max": 200,
        "name": "width",
        "value": 69.84485626220703
      },
      "y": {
        "min": 0,
        "max": 500,
        "name": "y",
        "value": 404.10870361328125
      },
      "height": {
        "min": 0,
        "max": 200,
        "name": "height",
        "value": 50.74943161010742
      }
    }
  },
  "1": {
    "name": "1",
    "value": {
      "x": {
        "min": 0,
        "max": 500,
        "name": "x",
        "value": 53.978858947753906
      },
      "width": {
        "min": 0,
        "max": 200,
        "name": "width",
        "value": 47.73548889160156
      },
      "y": {
        "min": 0,
        "max": 500,
        "name": "y",
        "value": 209.297119140625
      },
      "height": {
        "min": 0,
        "max": 200,
        "name": "height",
        "value": 46.29286575317383
      }
    }
  },
  "2": {
    "name": "2",
    "value": {
      "x": {
        "min": 0,
        "max": 500,
        "name": "x",
        "value": 402.95465087890625
      },
      "width": {
        "min": 0,
        "max": 200,
        "name": "width",
        "value": 172.2672882080078
      },
      "y": {
        "min": 0,
        "max": 500,
        "name": "y",
        "value": 246.0953369140625
      },
      "height": {
        "min": 0,
        "max": 200,
        "name": "height",
        "value": 79.36174011230469
      }
    }
  },
  "3": {
    "name": "3",
    "value": {
      "x": {
        "min": 0,
        "max": 500,
        "name": "x",
        "value": 68.67057037353516
      },
      "width": {
        "min": 0,
        "max": 200,
        "name": "width",
        "value": 96.78331756591797
      },
      "y": {
        "min": 0,
        "max": 500,
        "name": "y",
        "value": 275.6468505859375
      },
      "height": {
        "min": 0,
        "max": 200,
        "name": "height",
        "value": 32.327186584472656
      }
    }
  },
  "4": {
    "name": "4",
    "value": {
      "x": {
        "min": 0,
        "max": 500,
        "name": "x",
        "value": 331.01446533203125
      },
      "width": {
        "min": 0,
        "max": 200,
        "name": "width",
        "value": 138.24119567871094
      },
      "y": {
        "min": 0,
        "max": 500,
        "name": "y",
        "value": 188.89710998535156
      },
      "height": {
        "min": 0,
        "max": 200,
        "name": "height",
        "value": 196.10211181640625
      }
    }
  }
}